{
  "course": "T-201-GSKI, Gagnaskipan, 2016-2", 
  "parts": [
    {
      "text": "<p>Eftirfarandi fall framkv&aelig;mir algenga reiknia&eth;ger&eth;.</p>\n\n<p><tt>int foo(int bar) {<br />\n&nbsp; &nbsp; return bar * foo(bar - 1);<br />\n}</tt></p>\n", 
      "id": "31548860-7df3-4c3e-a2cd-10052be35799", 
      "questions": [
        {
          "weight": "2", 
          "text": "<p>Hva&eth; vantar &iacute; falli&eth;? &nbsp;Hvers vegan virkar &thorn;a&eth; ekki &oacute;breytt?</p>\n", 
          "label": "", 
          "length": "3", 
          "answer": "", 
          "type": "essay", 
          "id": "15544e21-1e2f-456c-a135-4550ee797ad7"
        }, 
        {
          "weight": "2", 
          "text": "<p>Hvernig l&iacute;tur falli&eth; &uacute;t eftir a&eth; &thorn;a&eth; hefur veri&eth; lagf&aelig;rt?</p>\n", 
          "label": "", 
          "length": "5", 
          "answer": "", 
          "type": "essay", 
          "id": "f6a2992f-3202-4b6a-a241-ac42b5c624b0"
        }, 
        {
          "weight": 1, 
          "text": "<p>Eftir &thorn;essar lagf&aelig;ringar, hva&eth;a reiknia&eth;ger&eth; framkv&aelig;mir falli&eth; foo()?</p>\n", 
          "label": "", 
          "length": "2", 
          "answer": "", 
          "type": "essay", 
          "id": "b0afa48f-6510-4ec4-818c-7c1bfa62d3ed"
        }
      ], 
      "name": "Recursion (5%)"
    }, 
    {
      "text": "<p>Sko&eth;i&eth; myndina BinaryTree.png sem er a&eth; finna &iacute; exam m&ouml;ppunni &aacute; pr&oacute;ft&ouml;lunni ykkar.</p>\n", 
      "id": "3ad66554-6b60-458b-a7c5-a42cf3eb36b1", 
      "questions": [
        {
          "weight": "2", 
          "text": "<p>Skrifi&eth; innihald tr&eacute;sins, preorder</p>\n", 
          "label": "", 
          "answer": "", 
          "type": "short_text", 
          "id": "8d7c81bc-0ce6-44c0-a3b7-07145865714c"
        }, 
        {
          "weight": "2", 
          "text": "<p>Skrifi&eth; innihald tr&eacute;sins, inorder</p>\n", 
          "label": "", 
          "answer": "", 
          "type": "short_text", 
          "id": "8819247c-42e9-4058-998b-99b85456fd7f"
        }, 
        {
          "weight": "2", 
          "text": "<p>Skrifi&eth; innihald tr&eacute;sins, postorder</p>\n", 
          "label": "", 
          "answer": "", 
          "type": "short_text", 
          "id": "1c1eab19-0915-41aa-8890-ac00825ced5c"
        }
      ], 
      "name": "Binary Tree Traversal (6%)"
    }, 
    {
      "text": "", 
      "id": "0838714a-85e3-44ba-94cb-aa933d36fa1a", 
      "questions": [
        {
          "weight": "2", 
          "text": "<p>Forrita &thorn;arf <em><strong>undo</strong></em>&nbsp;virkni.</p>\n\n<p>&Iacute; hvert sinn sem <em>a&eth;ger&eth;</em> er framkv&aelig;md er h&uacute;n geymd, svo h&aelig;gt s&eacute; a&eth; finna hana og <em>fjarl&aelig;gja &aacute;hrif hennar</em>.<br />\n&THORN;egar kalla&eth; er &aacute; <em><strong>undo</strong></em> er seinasta <em>a&eth;ger&eth;</em> s&oacute;tt og &aacute;hrif hennar fjarl&aelig;g&eth;. &nbsp;N&aelig;st &thorn;egar kalla&eth; er &aacute; <em><strong>undo</strong></em> er <em>a&eth;ger&eth;in</em> &thorn;ar &aacute; undan s&oacute;tt, og svo koll af kolli.</p>\n\n<p>Hva&eth;a <em>gagnagrind</em>&nbsp;velur&eth;u til a&eth;&nbsp;geyma <em>a&eth;ger&eth;irnar</em>?</p>\n", 
          "label": "", 
          "answer": "", 
          "type": "short_text", 
          "id": "434e1adb-1fd7-4d1c-bf1b-2eab7b9c220f"
        }, 
        {
          "weight": "3", 
          "text": "<p>Forrit heldur utan um <em>f&aelig;rslur</em> sem slegnar eru inn. &nbsp;Hver <em>f&aelig;rsla</em> hefur <em>einkennist&ouml;lu</em>.<br />\nSkj&aacute;myndir forritsins birta &thorn;essar <em>f&aelig;rslur</em> &aacute; mismunandi h&aacute;tt, sumar <em>lista</em> yfir &thorn;&aelig;r en a&eth;rar velja <em>staka</em> <em>f&aelig;rslu</em> og birta n&aacute;kv&aelig;mari uppl&yacute;singar.<br />\n&THORN;&aelig;r sem birta <em>lista</em> (allar <em>f&aelig;rslurnar</em> e&eth;a hluta af &thorn;eim)&nbsp;birta &thorn;&aelig;r ra&eth;a&eth;ar eftir <em>einkennist&ouml;lunni</em>.</p>\n\n<p>Hva&eth;a <em>gagnagrind</em> velur&eth;u til a&eth; geyma <em>f&aelig;rslurnar</em>?</p>\n", 
          "label": "", 
          "answer": "", 
          "type": "short_text", 
          "id": "3a22a097-9289-49e2-a732-2cfff22eba8a"
        }
      ], 
      "name": "Notkun gagnagrinda (5%)"
    }, 
    {
      "text": "<p><em>HashTable </em>notast vi&eth; svokalla&eth; <em>hakkafall</em>, <em><strong>hash()</strong></em>, sem framkv&aelig;mt er &aacute; <em>lykli </em>t&ouml;flunnar.</p>\n", 
      "id": "52fd7d38-6d04-42b3-baa7-4eadd9d33280", 
      "questions": [
        {
          "weight": "2", 
          "text": "<p>Hva&eth; einkennir gott <em><strong>hash()</strong></em> fall?</p>\n", 
          "label": "", 
          "length": "3", 
          "answer": "", 
          "type": "essay", 
          "id": "362f60e7-e55b-42b6-ab59-ea0abfd00276"
        }, 
        {
          "weight": "2", 
          "text": "<p>Hva&eth;a &aacute;hrif hafa g&aelig;&eth;i <em><strong>hash()</strong></em> fallsins &aacute; dreifingu staka &iacute; <em>HashTable</em>?</p>\n", 
          "label": "", 
          "length": "3", 
          "answer": "", 
          "type": "essay", 
          "id": "e4b711b9-a2b6-4203-95c0-527528cb092c"
        }
      ], 
      "name": "Hash tables (4%)"
    }, 
    {
      "text": "<p>Leit &iacute; vel jafnv&aelig;gisstilltu BST hefur t&iacute;mafl&aelig;kjuna</p>\n\n<p><strong>O(log(n))</strong></p>\n\n<p>&thorn;ar sem n er fj&ouml;ldi staka &iacute; tr&eacute;nu.</p>\n", 
      "id": "979f3f18-ff66-430d-b5b5-506eae74d474", 
      "questions": [
        {
          "weight": 1, 
          "text": "<p>Hver&nbsp;er versta t&iacute;mafl&aelig;kja&nbsp;sem leit &iacute; BST getur haft?</p>\n", 
          "label": "", 
          "answer": "", 
          "type": "short_text", 
          "id": "ddc6bc3d-12e2-4c0c-8832-dfbeb6db8b03"
        }, 
        {
          "weight": "2", 
          "text": "<p>Hva&eth; einkennir tr&eacute; sem hefur svo slakan leitart&iacute;ma?</p>\n", 
          "label": "", 
          "length": "3", 
          "answer": "", 
          "type": "essay", 
          "id": "177529b7-dba1-4e8b-a94d-796b8a06d5e5"
        }, 
        {
          "weight": "2", 
          "text": "<p>Hva&eth; myndi gera &thorn;a&eth; a&eth; verkum a&eth; sl&iacute;kt tr&eacute; yr&eth;i til?</p>\n", 
          "label": "", 
          "length": "3", 
          "answer": "", 
          "type": "essay", 
          "id": "218bab31-d656-4d02-8f84-cd2c5136e7ff"
        }
      ], 
      "name": "BST og greining reiknirita (5%)"
    }
  ], 
  "exam_name": "Lokapr\u00f3f", 
  "text": "<p>&THORN;etta er skriflegi hluti pr&oacute;fsins. &nbsp;Hann gildir fj&oacute;r&eth;ung af pr&oacute;finu, 25%. &nbsp;Hinum hlutunum er l&yacute;st &iacute; skr&aacute;nni Lokaprof.pdf sem er a&eth; finna &iacute; m&ouml;ppunni exam. &nbsp;Hj&aacute;lparg&ouml;gn m&aacute; finna &iacute; m&ouml;ppunni data.</p>\n"
}